event_id,event_date,year,event_type,actor_1,actor_2,country,fatalities,location,latitude,longitude,notes,event_type_score,severity,closest_border_km,closest_border_temple_km,y_km,x_km,grid_x,grid_y,grid_id,days_since_last_event_in_area,total_events_in_area,total_fatalities_in_area,events_last_30_days_in_area,events_last_90_days_in_area,tempo_risk,border_risk,temple_risk
3275.0,2010-03-13,2010,battles,Sa Kaeo,1,thailand,1,Southeast Asia,13.6722,102.2824,Political violence,5,7,13.800287752069737,270.7291674629057,1520.279276069736,11051.009679177265,11050.0,1520.0,11050.0_1520.0,365.0,46,16,0.0,0.0,0.00273224043715847,0.06756625389666195,0.003680134927497292
3275.0,2010-03-13,2010,violence against civilians,Sa Kaeo,1,thailand,2,Southeast Asia,13.6722,102.2824,Political violence,4,6,13.800287752069737,270.7291674629057,1520.279276069736,11051.009679177265,11050.0,1520.0,11050.0_1520.0,0.0,46,16,0.0,0.0,1.0,0.06756625389666195,0.003680134927497292
3275.0,2010-05-01,2010,violence against civilians,Sa Kaeo,1,thailand,0,Southeast Asia,13.6722,102.2824,Political violence,4,4,13.800287752069737,270.7291674629057,1520.279276069736,11051.009679177265,11050.0,1520.0,11050.0_1520.0,49.0,46,16,1.0,1.0,0.02,0.06756625389666195,0.003680134927497292
3275.0,2010-05-08,2010,violence against civilians,Sa Kaeo,1,thailand,0,Southeast Asia,13.6722,102.2824,Political violence,4,4,13.800287752069737,270.7291674629057,1520.279276069736,11051.009679177265,11050.0,1520.0,11050.0_1520.0,7.0,46,16,1.0,1.0,0.125,0.06756625389666195,0.003680134927497292
3275.0,2010-06-19,2010,violence against civilians,Sa Kaeo,1,thailand,1,Southeast Asia,13.6722,102.2824,Political violence,4,6,13.800287752069737,270.7291674629057,1520.279276069736,11051.009679177265,11050.0,1520.0,11050.0_1520.0,42.0,46,16,0.0,0.0,0.023255813953488372,0.06756625389666195,0.003680134927497292
3275.0,2010-08-21,2010,protests,Sa Kaeo,2,thailand,0,Southeast Asia,13.6722,102.2824,Demonstrations,2,2,13.800287752069737,270.7291674629057,1520.279276069736,11051.009679177265,11050.0,1520.0,11050.0_1520.0,63.0,46,16,1.0,2.0,0.015625,0.06756625389666195,0.003680134927497292
3275.0,2010-11-13,2010,violence against civilians,Sa Kaeo,1,thailand,1,Southeast Asia,13.6722,102.2824,Political violence,4,6,13.800287752069737,270.7291674629057,1520.279276069736,11051.009679177265,11050.0,1520.0,11050.0_1520.0,84.0,46,16,1.0,1.0,0.011764705882352941,0.06756625389666195,0.003680134927497292
3275.0,2011-01-01,2011,protests,Sa Kaeo,3,thailand,0,Southeast Asia,13.6722,102.2824,Demonstrations,2,2,13.800287752069737,270.7291674629057,1520.279276069736,11051.009679177265,11050.0,1520.0,11050.0_1520.0,49.0,46,16,3.0,4.0,0.02,0.06756625389666195,0.003680134927497292
3275.0,2011-01-08,2011,protests,Sa Kaeo,1,thailand,0,Southeast Asia,13.6722,102.2824,Demonstrations,2,2,13.800287752069737,270.7291674629057,1520.279276069736,11051.009679177265,11050.0,1520.0,11050.0_1520.0,7.0,46,16,2.0,3.0,0.125,0.06756625389666195,0.003680134927497292
3275.0,2011-04-30,2011,violence against civilians,Sa Kaeo,1,thailand,0,Southeast Asia,13.6722,102.2824,Political violence,4,4,13.800287752069737,270.7291674629057,1520.279276069736,11051.009679177265,11050.0,1520.0,11050.0_1520.0,112.0,46,16,1.0,2.0,0.008849557522123894,0.06756625389666195,0.003680134927497292
3275.0,2012-04-28,2012,violence against civilians,Sa Kaeo,1,thailand,1,Southeast Asia,13.6722,102.2824,Political violence,4,6,13.800287752069737,270.7291674629057,1520.279276069736,11051.009679177265,11050.0,1520.0,11050.0_1520.0,364.0,46,16,0.0,0.0,0.0027397260273972603,0.06756625389666195,0.003680134927497292
3275.0,2012-08-25,2012,violence against civilians,Sa Kaeo,1,thailand,0,Southeast Asia,13.6722,102.2824,Political violence,4,4,13.800287752069737,270.7291674629057,1520.279276069736,11051.009679177265,11050.0,1520.0,11050.0_1520.0,119.0,46,16,1.0,1.0,0.008333333333333333,0.06756625389666195,0.003680134927497292
3275.0,2014-02-01,2014,battles,Sa Kaeo,1,thailand,0,Southeast Asia,13.6722,102.2824,Political violence,5,5,13.800287752069737,270.7291674629057,1520.279276069736,11051.009679177265,11050.0,1520.0,11050.0_1520.0,525.0,46,16,1.0,3.0,0.0019011406844106464,0.06756625389666195,0.003680134927497292
3275.0,2014-02-01,2014,riots,Sa Kaeo,1,thailand,0,Southeast Asia,13.6722,102.2824,Political violence,3,3,13.800287752069737,270.7291674629057,1520.279276069736,11051.009679177265,11050.0,1520.0,11050.0_1520.0,0.0,46,16,0.0,5.0,1.0,0.06756625389666195,0.003680134927497292
3275.0,2014-06-28,2014,protests,Sa Kaeo,1,thailand,0,Southeast Asia,13.6722,102.2824,Demonstrations,2,2,13.800287752069737,270.7291674629057,1520.279276069736,11051.009679177265,11050.0,1520.0,11050.0_1520.0,147.0,46,16,0.0,2.0,0.006756756756756757,0.06756625389666195,0.003680134927497292
3275.0,2014-09-06,2014,protests,Sa Kaeo,1,thailand,0,Southeast Asia,13.6722,102.2824,Demonstrations,2,2,13.800287752069737,270.7291674629057,1520.279276069736,11051.009679177265,11050.0,1520.0,11050.0_1520.0,70.0,46,16,0.0,0.0,0.014084507042253521,0.06756625389666195,0.003680134927497292
3275.0,2015-09-26,2015,explosions/remote violence,Sa Kaeo,1,thailand,1,Southeast Asia,13.6722,102.2824,Political violence,4,6,13.800287752069737,270.7291674629057,1520.279276069736,11051.009679177265,11050.0,1520.0,11050.0_1520.0,385.0,46,16,0.0,2.0,0.0025906735751295338,0.06756625389666195,0.003680134927497292
3275.0,2016-01-30,2016,riots,Sa Kaeo,2,thailand,0,Southeast Asia,13.6722,102.2824,Political violence,3,3,13.800287752069737,270.7291674629057,1520.279276069736,11051.009679177265,11050.0,1520.0,11050.0_1520.0,126.0,46,16,1.0,3.0,0.007874015748031496,0.06756625389666195,0.003680134927497292
3275.0,2016-04-30,2016,explosions/remote violence,Sa Kaeo,1,thailand,0,Southeast Asia,13.6722,102.2824,Political violence,4,4,13.800287752069737,270.7291674629057,1520.279276069736,11051.009679177265,11050.0,1520.0,11050.0_1520.0,91.0,46,16,1.0,2.0,0.010869565217391304,0.06756625389666195,0.003680134927497292
3275.0,2017-02-04,2017,explosions/remote violence,Sa Kaeo,1,thailand,0,Southeast Asia,13.6722,102.2824,Political violence,4,4,13.800287752069737,270.7291674629057,1520.279276069736,11051.009679177265,11050.0,1520.0,11050.0_1520.0,280.0,46,16,0.0,5.0,0.0035587188612099642,0.06756625389666195,0.003680134927497292
3275.0,2017-02-18,2017,protests,Sa Kaeo,1,thailand,0,Southeast Asia,13.6722,102.2824,Demonstrations,2,2,13.800287752069737,270.7291674629057,1520.279276069736,11051.009679177265,11050.0,1520.0,11050.0_1520.0,14.0,46,16,1.0,5.0,0.06666666666666667,0.06756625389666195,0.003680134927497292
3275.0,2017-03-18,2017,protests,Sa Kaeo,1,thailand,0,Southeast Asia,13.6722,102.2824,Demonstrations,2,2,13.800287752069737,270.7291674629057,1520.279276069736,11051.009679177265,11050.0,1520.0,11050.0_1520.0,28.0,46,16,2.0,3.0,0.034482758620689655,0.06756625389666195,0.003680134927497292
3275.0,2017-04-29,2017,protests,Sa Kaeo,1,thailand,0,Southeast Asia,13.6722,102.2824,Demonstrations,2,2,13.800287752069737,270.7291674629057,1520.279276069736,11051.009679177265,11050.0,1520.0,11050.0_1520.0,42.0,46,16,0.0,2.0,0.023255813953488372,0.06756625389666195,0.003680134927497292
3275.0,2017-05-13,2017,protests,Sa Kaeo,1,thailand,0,Southeast Asia,13.6722,102.2824,Demonstrations,2,2,13.800287752069737,270.7291674629057,1520.279276069736,11051.009679177265,11050.0,1520.0,11050.0_1520.0,14.0,46,16,0.0,0.0,0.06666666666666667,0.06756625389666195,0.003680134927497292
3275.0,2017-05-20,2017,protests,Sa Kaeo,1,thailand,0,Southeast Asia,13.6722,102.2824,Demonstrations,2,2,13.800287752069737,270.7291674629057,1520.279276069736,11051.009679177265,11050.0,1520.0,11050.0_1520.0,7.0,46,16,0.0,2.0,0.125,0.06756625389666195,0.003680134927497292
3275.0,2017-06-03,2017,protests,Sa Kaeo,1,thailand,0,Southeast Asia,13.6722,102.2824,Demonstrations,2,2,13.800287752069737,270.7291674629057,1520.279276069736,11051.009679177265,11050.0,1520.0,11050.0_1520.0,14.0,46,16,0.0,0.0,0.06666666666666667,0.06756625389666195,0.003680134927497292
3275.0,2019-02-02,2019,protests,Sa Kaeo,1,thailand,0,Southeast Asia,13.6722,102.2824,Demonstrations,2,2,13.800287752069737,270.7291674629057,1520.279276069736,11051.009679177265,11050.0,1520.0,11050.0_1520.0,609.0,46,16,0.0,1.0,0.001639344262295082,0.06756625389666195,0.003680134927497292
3275.0,2020-06-20,2020,strategic developments,Sa Kaeo,1,thailand,0,Southeast Asia,13.6722,102.2824,Strategic developments,2,2,13.800287752069737,270.7291674629057,1520.279276069736,11051.009679177265,11050.0,1520.0,11050.0_1520.0,504.0,46,16,0.0,1.0,0.0019801980198019802,0.06756625389666195,0.003680134927497292
3275.0,2020-07-04,2020,strategic developments,Sa Kaeo,1,thailand,0,Southeast Asia,13.6722,102.2824,Strategic developments,2,2,13.800287752069737,270.7291674629057,1520.279276069736,11051.009679177265,11050.0,1520.0,11050.0_1520.0,14.0,46,16,1.0,1.0,0.06666666666666667,0.06756625389666195,0.003680134927497292
3275.0,2020-07-25,2020,protests,Sa Kaeo,1,thailand,0,Southeast Asia,13.6722,102.2824,Demonstrations,2,2,13.800287752069737,270.7291674629057,1520.279276069736,11051.009679177265,11050.0,1520.0,11050.0_1520.0,21.0,46,16,0.0,1.0,0.045454545454545456,0.06756625389666195,0.003680134927497292
3275.0,2020-08-08,2020,protests,Sa Kaeo,1,thailand,0,Southeast Asia,13.6722,102.2824,Demonstrations,2,2,13.800287752069737,270.7291674629057,1520.279276069736,11051.009679177265,11050.0,1520.0,11050.0_1520.0,14.0,46,16,0.0,1.0,0.06666666666666667,0.06756625389666195,0.003680134927497292
3275.0,2020-10-24,2020,strategic developments,Sa Kaeo,1,thailand,2,Southeast Asia,13.6722,102.2824,Strategic developments,2,4,13.800287752069737,270.7291674629057,1520.279276069736,11051.009679177265,11050.0,1520.0,11050.0_1520.0,77.0,46,16,1.0,2.0,0.01282051282051282,0.06756625389666195,0.003680134927497292
3275.0,2022-10-29,2022,protests,Sa Kaeo,1,thailand,0,Southeast Asia,13.6722,102.2824,Demonstrations,2,2,13.800287752069737,270.7291674629057,1520.279276069736,11051.009679177265,11050.0,1520.0,11050.0_1520.0,735.0,46,16,2.0,3.0,0.001358695652173913,0.06756625389666195,0.003680134927497292
3275.0,2025-08-23,2025,protests,Sa Kaeo,2,thailand,0,Southeast Asia,13.6722,102.2824,Demonstrations,2,2,13.800287752069737,270.7291674629057,1520.279276069736,11051.009679177265,11050.0,1520.0,11050.0_1520.0,1029.0,46,16,3.0,4.0,0.000970873786407767,0.06756625389666195,0.003680134927497292
3275.0,2025-09-13,2025,riots,Sa Kaeo,1,thailand,0,Southeast Asia,13.6722,102.2824,Demonstrations,3,3,13.800287752069737,270.7291674629057,1520.279276069736,11051.009679177265,11050.0,1520.0,11050.0_1520.0,21.0,46,16,0.0,1.0,0.045454545454545456,0.06756625389666195,0.003680134927497292
3275.0,2025-10-11,2025,strategic developments,Sa Kaeo,1,thailand,0,Southeast Asia,13.6722,102.2824,Strategic developments,2,2,13.800287752069737,270.7291674629057,1520.279276069736,11051.009679177265,11050.0,1520.0,11050.0_1520.0,28.0,46,16,2.0,5.0,0.034482758620689655,0.06756625389666195,0.003680134927497292
3275.0,2025-11-08,2025,battles,Sa Kaeo,1,thailand,1,Southeast Asia,13.6722,102.2824,Political violence,5,7,13.800287752069737,270.7291674629057,1520.279276069736,11051.009679177265,11050.0,1520.0,11050.0_1520.0,28.0,46,16,0.0,1.0,0.034482758620689655,0.06756625389666195,0.003680134927497292
3275.0,2025-11-29,2025,explosions/remote violence,Sa Kaeo,1,thailand,0,Southeast Asia,13.6722,102.2824,Political violence,4,4,13.800287752069737,270.7291674629057,1520.279276069736,11051.009679177265,11050.0,1520.0,11050.0_1520.0,21.0,46,16,1.0,2.0,0.045454545454545456,0.06756625389666195,0.003680134927497292
3275.0,2025-12-06,2025,battles,Sa Kaeo,2,thailand,1,Southeast Asia,13.6722,102.2824,Political violence,5,7,13.800287752069737,270.7291674629057,1520.279276069736,11051.009679177265,11050.0,1520.0,11050.0_1520.0,7.0,46,16,0.0,1.0,0.125,0.06756625389666195,0.003680134927497292
3275.0,2025-12-06,2025,explosions/remote violence,Sa Kaeo,1,thailand,0,Southeast Asia,13.6722,102.2824,Political violence,4,4,13.800287752069737,270.7291674629057,1520.279276069736,11051.009679177265,11050.0,1520.0,11050.0_1520.0,0.0,46,16,1.0,1.0,1.0,0.06756625389666195,0.003680134927497292
3275.0,2025-12-06,2025,explosions/remote violence,Sa Kaeo,1,thailand,0,Southeast Asia,13.6722,102.2824,Political violence,4,4,13.800287752069737,270.7291674629057,1520.279276069736,11051.009679177265,11050.0,1520.0,11050.0_1520.0,0.0,46,16,2.0,2.0,1.0,0.06756625389666195,0.003680134927497292
3275.0,2025-12-13,2025,battles,Sa Kaeo,15,thailand,0,Southeast Asia,13.6722,102.2824,Political violence,5,5,13.800287752069737,270.7291674629057,1520.279276069736,11051.009679177265,11050.0,1520.0,11050.0_1520.0,7.0,46,16,0.0,0.0,0.125,0.06756625389666195,0.003680134927497292
3275.0,2025-12-13,2025,explosions/remote violence,Sa Kaeo,2,thailand,0,Southeast Asia,13.6722,102.2824,Political violence,4,4,13.800287752069737,270.7291674629057,1520.279276069736,11051.009679177265,11050.0,1520.0,11050.0_1520.0,0.0,46,16,1.0,1.0,1.0,0.06756625389666195,0.003680134927497292
3275.0,2025-12-20,2025,battles,Sa Kaeo,19,thailand,5,Southeast Asia,13.6722,102.2824,Political violence,5,7,13.800287752069737,270.7291674629057,1520.279276069736,11051.009679177265,11050.0,1520.0,11050.0_1520.0,7.0,46,16,2.0,2.0,0.125,0.06756625389666195,0.003680134927497292
3275.0,2025-12-20,2025,explosions/remote violence,Sa Kaeo,1,thailand,0,Southeast Asia,13.6722,102.2824,Political violence,4,4,13.800287752069737,270.7291674629057,1520.279276069736,11051.009679177265,11050.0,1520.0,11050.0_1520.0,0.0,46,16,3.0,3.0,1.0,0.06756625389666195,0.003680134927497292
3275.0,2025-12-27,2025,battles,Sa Kaeo,1,thailand,0,Southeast Asia,13.6722,102.2824,Political violence,5,5,13.800287752069737,270.7291674629057,1520.279276069736,11051.009679177265,11050.0,1520.0,11050.0_1520.0,7.0,46,16,0.0,0.0,0.125,0.06756625389666195,0.003680134927497292
3229.0,2010-01-16,2010,protests,Chanthaburi,1,thailand,0,Southeast Asia,12.8204,102.1751,Demonstrations,2,2,35.32984698328186,322.15413954228467,1425.5634375539007,11078.118892403583,11070.0,1420.0,11070.0_1420.0,365.0,19,2,0.0,3.0,0.00273224043715847,0.027525576985231354,0.0030944984997450424
3229.0,2010-01-23,2010,protests,Chanthaburi,2,thailand,0,Southeast Asia,12.8204,102.1751,Demonstrations,2,2,35.32984698328186,322.15413954228467,1425.5634375539007,11078.118892403583,11070.0,1420.0,11070.0_1420.0,7.0,19,2,1.0,2.0,0.125,0.027525576985231354,0.0030944984997450424
3229.0,2010-08-07,2010,explosions/remote violence,Chanthaburi,1,thailand,0,Southeast Asia,12.8204,102.1751,Political violence,4,4,35.32984698328186,322.15413954228467,1425.5634375539007,11078.118892403583,11070.0,1420.0,11070.0_1420.0,196.0,19,2,2.0,2.0,0.005076142131979695,0.027525576985231354,0.0030944984997450424
3229.0,2012-01-14,2012,protests,Chanthaburi,1,thailand,0,Southeast Asia,12.8204,102.1751,Demonstrations,2,2,35.32984698328186,322.15413954228467,1425.5634375539007,11078.118892403583,11070.0,1420.0,11070.0_1420.0,525.0,19,2,1.0,3.0,0.0019011406844106464,0.027525576985231354,0.0030944984997450424
3229.0,2013-06-01,2013,violence against civilians,Chanthaburi,1,thailand,1,Southeast Asia,12.8204,102.1751,Political violence,4,6,35.32984698328186,322.15413954228467,1425.5634375539007,11078.118892403583,11070.0,1420.0,11070.0_1420.0,504.0,19,2,0.0,4.0,0.0019801980198019802,0.027525576985231354,0.0030944984997450424
3229.0,2014-03-29,2014,violence against civilians,Chanthaburi,1,thailand,0,Southeast Asia,12.8204,102.1751,Political violence,4,4,35.32984698328186,322.15413954228467,1425.5634375539007,11078.118892403583,11070.0,1420.0,11070.0_1420.0,301.0,19,2,1.0,4.0,0.0033112582781456954,0.027525576985231354,0.0030944984997450424
3229.0,2014-08-16,2014,violence against civilians,Chanthaburi,1,thailand,1,Southeast Asia,12.8204,102.1751,Political violence,4,6,35.32984698328186,322.15413954228467,1425.5634375539007,11078.118892403583,11070.0,1420.0,11070.0_1420.0,140.0,19,2,2.0,2.0,0.0070921985815602835,0.027525576985231354,0.0030944984997450424
3229.0,2014-10-18,2014,protests,Chanthaburi,1,thailand,0,Southeast Asia,12.8204,102.1751,Demonstrations,2,2,35.32984698328186,322.15413954228467,1425.5634375539007,11078.118892403583,11070.0,1420.0,11070.0_1420.0,63.0,19,2,0.0,3.0,0.015625,0.027525576985231354,0.0030944984997450424
3229.0,2015-01-17,2015,protests,Chanthaburi,1,thailand,0,Southeast Asia,12.8204,102.1751,Demonstrations,2,2,35.32984698328186,322.15413954228467,1425.5634375539007,11078.118892403583,11070.0,1420.0,11070.0_1420.0,91.0,19,2,0.0,2.0,0.010869565217391304,0.027525576985231354,0.0030944984997450424
3229.0,2015-10-24,2015,protests,Chanthaburi,1,thailand,0,Southeast Asia,12.8204,102.1751,Demonstrations,2,2,35.32984698328186,322.15413954228467,1425.5634375539007,11078.118892403583,11070.0,1420.0,11070.0_1420.0,280.0,19,2,1.0,2.0,0.0035587188612099642,0.027525576985231354,0.0030944984997450424
3229.0,2016-01-09,2016,protests,Chanthaburi,1,thailand,0,Southeast Asia,12.8204,102.1751,Demonstrations,2,2,35.32984698328186,322.15413954228467,1425.5634375539007,11078.118892403583,11070.0,1420.0,11070.0_1420.0,77.0,19,2,0.0,0.0,0.01282051282051282,0.027525576985231354,0.0030944984997450424
3229.0,2017-08-26,2017,protests,Chanthaburi,1,thailand,0,Southeast Asia,12.8204,102.1751,Demonstrations,2,2,35.32984698328186,322.15413954228467,1425.5634375539007,11078.118892403583,11070.0,1420.0,11070.0_1420.0,595.0,19,2,1.0,1.0,0.0016778523489932886,0.027525576985231354,0.0030944984997450424
3229.0,2017-09-02,2017,protests,Chanthaburi,1,thailand,0,Southeast Asia,12.8204,102.1751,Demonstrations,2,2,35.32984698328186,322.15413954228467,1425.5634375539007,11078.118892403583,11070.0,1420.0,11070.0_1420.0,7.0,19,2,0.0,0.0,0.125,0.027525576985231354,0.0030944984997450424
3229.0,2020-02-22,2020,protests,Chanthaburi,1,thailand,0,Southeast Asia,12.8204,102.1751,Demonstrations,2,2,35.32984698328186,322.15413954228467,1425.5634375539007,11078.118892403583,11070.0,1420.0,11070.0_1420.0,903.0,19,2,0.0,2.0,0.0011061946902654867,0.027525576985231354,0.0030944984997450424
3229.0,2020-05-30,2020,strategic developments,Chanthaburi,1,thailand,0,Southeast Asia,12.8204,102.1751,Strategic developments,2,2,35.32984698328186,322.15413954228467,1425.5634375539007,11078.118892403583,11070.0,1420.0,11070.0_1420.0,98.0,19,2,1.0,3.0,0.010101010101010102,0.027525576985231354,0.0030944984997450424
3229.0,2020-07-25,2020,protests,Chanthaburi,1,thailand,0,Southeast Asia,12.8204,102.1751,Demonstrations,2,2,35.32984698328186,322.15413954228467,1425.5634375539007,11078.118892403583,11070.0,1420.0,11070.0_1420.0,56.0,19,2,2.0,3.0,0.017543859649122806,0.027525576985231354,0.0030944984997450424
3229.0,2020-10-17,2020,protests,Chanthaburi,2,thailand,0,Southeast Asia,12.8204,102.1751,Demonstrations,2,2,35.32984698328186,322.15413954228467,1425.5634375539007,11078.118892403583,11070.0,1420.0,11070.0_1420.0,84.0,19,2,0.0,0.0,0.011764705882352941,0.027525576985231354,0.0030944984997450424
3229.0,2025-07-19,2025,strategic developments,Chanthaburi,1,thailand,0,Southeast Asia,12.8204,102.1751,Strategic developments,2,2,35.32984698328186,322.15413954228467,1425.5634375539007,11078.118892403583,11070.0,1420.0,11070.0_1420.0,1736.0,19,2,1.0,1.0,0.0005757052389176742,0.027525576985231354,0.0030944984997450424
3229.0,2025-07-26,2025,strategic developments,Chanthaburi,2,thailand,0,Southeast Asia,12.8204,102.1751,Strategic developments,2,2,35.32984698328186,322.15413954228467,1425.5634375539007,11078.118892403583,11070.0,1420.0,11070.0_1420.0,7.0,19,2,0.0,3.0,0.125,0.027525576985231354,0.0030944984997450424
473.0,2010-05-01,2010,strategic developments,Pailin,1,cambodia,5,Southeast Asia,12.889,102.6294,Strategic developments,2,4,12.897168415767704,277.47082502060965,1433.1914095217173,11124.335587417527,11120.0,1430.0,11120.0_1430.0,365.0,14,10,0.0,0.0,0.00273224043715847,0.07195710450377803,0.0035910404615133017
473.0,2013-04-20,2013,strategic developments,Pailin,1,cambodia,1,Southeast Asia,12.889,102.6294,Strategic developments,2,4,12.897168415767704,277.47082502060965,1433.1914095217173,11124.335587417527,11120.0,1430.0,11120.0_1430.0,1085.0,14,10,1.0,4.0,0.0009208103130755065,0.07195710450377803,0.0035910404615133017
473.0,2013-08-17,2013,strategic developments,Pailin,1,cambodia,0,Southeast Asia,12.889,102.6294,Strategic developments,2,2,12.897168415767704,277.47082502060965,1433.1914095217173,11124.335587417527,11120.0,1430.0,11120.0_1430.0,119.0,14,10,1.0,1.0,0.008333333333333333,0.07195710450377803,0.0035910404615133017
473.0,2013-10-26,2013,strategic developments,Pailin,1,cambodia,0,Southeast Asia,12.889,102.6294,Strategic developments,2,2,12.897168415767704,277.47082502060965,1433.1914095217173,11124.335587417527,11120.0,1430.0,11120.0_1430.0,70.0,14,10,0.0,0.0,0.014084507042253521,0.07195710450377803,0.0035910404615133017
473.0,2014-03-29,2014,protests,Pailin,1,cambodia,0,Southeast Asia,12.889,102.6294,Demonstrations,2,2,12.897168415767704,277.47082502060965,1433.1914095217173,11124.335587417527,11120.0,1430.0,11120.0_1430.0,154.0,14,10,2.0,3.0,0.0064516129032258064,0.07195710450377803,0.0035910404615133017
473.0,2014-03-29,2014,strategic developments,Pailin,1,cambodia,1,Southeast Asia,12.889,102.6294,Strategic developments,2,4,12.897168415767704,277.47082502060965,1433.1914095217173,11124.335587417527,11120.0,1430.0,11120.0_1430.0,0.0,14,10,1.0,2.0,1.0,0.07195710450377803,0.0035910404615133017
473.0,2015-10-17,2015,strategic developments,Pailin,1,cambodia,0,Southeast Asia,12.889,102.6294,Strategic developments,2,2,12.897168415767704,277.47082502060965,1433.1914095217173,11124.335587417527,11120.0,1430.0,11120.0_1430.0,567.0,14,10,0.0,3.0,0.0017605633802816902,0.07195710450377803,0.0035910404615133017
473.0,2016-09-10,2016,strategic developments,Pailin,1,cambodia,0,Southeast Asia,12.889,102.6294,Strategic developments,2,2,12.897168415767704,277.47082502060965,1433.1914095217173,11124.335587417527,11120.0,1430.0,11120.0_1430.0,329.0,14,10,0.0,1.0,0.0030303030303030303,0.07195710450377803,0.0035910404615133017
473.0,2017-01-07,2017,strategic developments,Pailin,2,cambodia,2,Southeast Asia,12.889,102.6294,Strategic developments,2,4,12.897168415767704,277.47082502060965,1433.1914095217173,11124.335587417527,11120.0,1430.0,11120.0_1430.0,119.0,14,10,0.0,0.0,0.008333333333333333,0.07195710450377803,0.0035910404615133017
473.0,2018-04-21,2018,protests,Pailin,1,cambodia,0,Southeast Asia,12.889,102.6294,Demonstrations,2,2,12.897168415767704,277.47082502060965,1433.1914095217173,11124.335587417527,11120.0,1430.0,11120.0_1430.0,469.0,14,10,0.0,1.0,0.002127659574468085,0.07195710450377803,0.0035910404615133017
473.0,2018-07-07,2018,strategic developments,Pailin,1,cambodia,0,Southeast Asia,12.889,102.6294,Strategic developments,2,2,12.897168415767704,277.47082502060965,1433.1914095217173,11124.335587417527,11120.0,1430.0,11120.0_1430.0,77.0,14,10,0.0,1.0,0.01282051282051282,0.07195710450377803,0.0035910404615133017
473.0,2020-05-23,2020,strategic developments,Pailin,1,cambodia,0,Southeast Asia,12.889,102.6294,Strategic developments,2,2,12.897168415767704,277.47082502060965,1433.1914095217173,11124.335587417527,11120.0,1430.0,11120.0_1430.0,686.0,14,10,0.0,0.0,0.001455604075691412,0.07195710450377803,0.0035910404615133017
473.0,2020-12-12,2020,protests,Pailin,1,cambodia,0,Southeast Asia,12.889,102.6294,Demonstrations,2,2,12.897168415767704,277.47082502060965,1433.1914095217173,11124.335587417527,11120.0,1430.0,11120.0_1430.0,203.0,14,10,0.0,0.0,0.004901960784313725,0.07195710450377803,0.0035910404615133017
473.0,2022-04-09,2022,violence against civilians,Pailin,1,cambodia,1,Southeast Asia,12.889,102.6294,Political violence,4,6,12.897168415767704,277.47082502060965,1433.1914095217173,11124.335587417527,11120.0,1430.0,11120.0_1430.0,483.0,14,10,0.0,0.0,0.002066115702479339,0.07195710450377803,0.0035910404615133017
3291.0,2010-07-17,2010,protests,Trat,1,thailand,0,Southeast Asia,12.2032,102.4208,Demonstrations,2,2,31.078215920797778,344.8705669439236,1356.933928828879,11131.335906807286,11130.0,1350.0,11130.0_1350.0,365.0,21,13,0.0,0.0,0.00273224043715847,0.031173803507933067,0.0028912549825673116
3291.0,2012-02-18,2012,violence against civilians,Trat,1,thailand,2,Southeast Asia,12.2032,102.4208,Political violence,4,6,31.078215920797778,344.8705669439236,1356.933928828879,11131.335906807286,11130.0,1350.0,11130.0_1350.0,581.0,21,13,0.0,0.0,0.001718213058419244,0.031173803507933067,0.0028912549825673116
3291.0,2012-02-25,2012,protests,Trat,1,thailand,0,Southeast Asia,12.2032,102.4208,Demonstrations,2,2,31.078215920797778,344.8705669439236,1356.933928828879,11131.335906807286,11130.0,1350.0,11130.0_1350.0,7.0,21,13,0.0,1.0,0.125,0.031173803507933067,0.0028912549825673116
3291.0,2012-11-03,2012,violence against civilians,Trat,1,thailand,3,Southeast Asia,12.2032,102.4208,Political violence,4,6,31.078215920797778,344.8705669439236,1356.933928828879,11131.335906807286,11130.0,1350.0,11130.0_1350.0,252.0,21,13,0.0,0.0,0.003952569169960474,0.031173803507933067,0.0028912549825673116
3291.0,2013-03-30,2013,violence against civilians,Trat,1,thailand,0,Southeast Asia,12.2032,102.4208,Political violence,4,4,31.078215920797778,344.8705669439236,1356.933928828879,11131.335906807286,11130.0,1350.0,11130.0_1350.0,147.0,21,13,0.0,0.0,0.006756756756756757,0.031173803507933067,0.0028912549825673116
3291.0,2014-02-22,2014,protests,Trat,1,thailand,3,Southeast Asia,12.2032,102.4208,Political violence; Demonstrations,2,4,31.078215920797778,344.8705669439236,1356.933928828879,11131.335906807286,11130.0,1350.0,11130.0_1350.0,329.0,21,13,0.0,0.0,0.0030303030303030303,0.031173803507933067,0.0028912549825673116
3291.0,2014-03-15,2014,protests,Trat,1,thailand,0,Southeast Asia,12.2032,102.4208,Demonstrations,2,2,31.078215920797778,344.8705669439236,1356.933928828879,11131.335906807286,11130.0,1350.0,11130.0_1350.0,21.0,21,13,0.0,0.0,0.045454545454545456,0.031173803507933067,0.0028912549825673116
3291.0,2014-05-24,2014,battles,Trat,1,thailand,1,Southeast Asia,12.2032,102.4208,Political violence,5,7,31.078215920797778,344.8705669439236,1356.933928828879,11131.335906807286,11130.0,1350.0,11130.0_1350.0,70.0,21,13,0.0,1.0,0.014084507042253521,0.031173803507933067,0.0028912549825673116
3291.0,2014-06-07,2014,protests,Trat,1,thailand,0,Southeast Asia,12.2032,102.4208,Demonstrations,2,2,31.078215920797778,344.8705669439236,1356.933928828879,11131.335906807286,11130.0,1350.0,11130.0_1350.0,14.0,21,13,0.0,0.0,0.06666666666666667,0.031173803507933067,0.0028912549825673116
3291.0,2014-08-09,2014,battles,Trat,1,thailand,0,Southeast Asia,12.2032,102.4208,Political violence,5,5,31.078215920797778,344.8705669439236,1356.933928828879,11131.335906807286,11130.0,1350.0,11130.0_1350.0,63.0,21,13,0.0,0.0,0.015625,0.031173803507933067,0.0028912549825673116
3291.0,2014-08-09,2014,violence against civilians,Trat,1,thailand,0,Southeast Asia,12.2032,102.4208,Political violence,4,4,31.078215920797778,344.8705669439236,1356.933928828879,11131.335906807286,11130.0,1350.0,11130.0_1350.0,0.0,21,13,0.0,0.0,1.0,0.031173803507933067,0.0028912549825673116
3291.0,2014-12-27,2014,battles,Trat,1,thailand,0,Southeast Asia,12.2032,102.4208,Political violence,5,5,31.078215920797778,344.8705669439236,1356.933928828879,11131.335906807286,11130.0,1350.0,11130.0_1350.0,140.0,21,13,1.0,1.0,0.0070921985815602835,0.031173803507933067,0.0028912549825673116
3291.0,2015-08-22,2015,violence against civilians,Trat,1,thailand,0,Southeast Asia,12.2032,102.4208,Political violence,4,4,31.078215920797778,344.8705669439236,1356.933928828879,11131.335906807286,11130.0,1350.0,11130.0_1350.0,238.0,21,13,0.0,0.0,0.0041841004184100415,0.031173803507933067,0.0028912549825673116
3291.0,2016-02-20,2016,explosions/remote violence,Trat,1,thailand,2,Southeast Asia,12.2032,102.4208,Political violence,4,6,31.078215920797778,344.8705669439236,1356.933928828879,11131.335906807286,11130.0,1350.0,11130.0_1350.0,182.0,21,13,1.0,1.0,0.00546448087431694,0.031173803507933067,0.0028912549825673116
3291.0,2016-07-16,2016,battles,Trat,1,thailand,1,Southeast Asia,12.2032,102.4208,Political violence,5,7,31.078215920797778,344.8705669439236,1356.933928828879,11131.335906807286,11130.0,1350.0,11130.0_1350.0,147.0,21,13,0.0,0.0,0.006756756756756757,0.031173803507933067,0.0028912549825673116
3291.0,2019-04-20,2019,violence against civilians,Trat,1,thailand,1,Southeast Asia,12.2032,102.4208,Political violence,4,6,31.078215920797778,344.8705669439236,1356.933928828879,11131.335906807286,11130.0,1350.0,11130.0_1350.0,1008.0,21,13,0.0,0.0,0.0009910802775024777,0.031173803507933067,0.0028912549825673116
3291.0,2020-10-17,2020,protests,Trat,2,thailand,0,Southeast Asia,12.2032,102.4208,Demonstrations,2,2,31.078215920797778,344.8705669439236,1356.933928828879,11131.335906807286,11130.0,1350.0,11130.0_1350.0,546.0,21,13,1.0,1.0,0.0018281535648994515,0.031173803507933067,0.0028912549825673116
3291.0,2025-07-26,2025,battles,Trat,1,thailand,0,Southeast Asia,12.2032,102.4208,Political violence,5,5,31.078215920797778,344.8705669439236,1356.933928828879,11131.335906807286,11130.0,1350.0,11130.0_1350.0,1743.0,21,13,0.0,0.0,0.0005733944954128441,0.031173803507933067,0.0028912549825673116
3291.0,2025-12-06,2025,battles,Trat,1,thailand,0,Southeast Asia,12.2032,102.4208,Political violence,5,5,31.078215920797778,344.8705669439236,1356.933928828879,11131.335906807286,11130.0,1350.0,11130.0_1350.0,133.0,21,13,1.0,1.0,0.007462686567164179,0.031173803507933067,0.0028912549825673116
3291.0,2025-12-06,2025,explosions/remote violence,Trat,1,thailand,0,Southeast Asia,12.2032,102.4208,Political violence,4,4,31.078215920797778,344.8705669439236,1356.933928828879,11131.335906807286,11130.0,1350.0,11130.0_1350.0,0.0,21,13,2.0,2.0,1.0,0.031173803507933067,0.0028912549825673116
3291.0,2025-12-27,2025,strategic developments,Trat,1,thailand,0,Southeast Asia,12.2032,102.4208,Strategic developments,2,2,31.078215920797778,344.8705669439236,1356.933928828879,11131.335906807286,11130.0,1350.0,11130.0_1350.0,21.0,21,13,2.0,3.0,0.045454545454545456,0.031173803507933067,0.0028912549825673116
460.0,2010-01-02,2010,violence against civilians,Banteay Meanchey,1,cambodia,0,Southeast Asia,13.7998,103.0782,Political violence,4,4,30.13681959691166,184.84815349911662,1534.4677487095817,11130.930103188328,11130.0,1530.0,11130.0_1530.0,365.0,81,14,0.0,1.0,0.00273224043715847,0.032116318010179376,0.0053807368067541935
460.0,2010-01-16,2010,strategic developments,Banteay Meanchey,1,cambodia,0,Southeast Asia,13.7998,103.0782,Strategic developments,2,2,30.13681959691166,184.84815349911662,1534.4677487095817,11130.930103188328,11130.0,1530.0,11130.0_1530.0,14.0,81,14,1.0,2.0,0.06666666666666667,0.032116318010179376,0.0053807368067541935
460.0,2010-02-13,2010,protests,Banteay Meanchey,1,cambodia,0,Southeast Asia,13.7998,103.0782,Demonstrations,2,2,30.13681959691166,184.84815349911662,1534.4677487095817,11130.930103188328,11130.0,1530.0,11130.0_1530.0,28.0,81,14,0.0,4.0,0.034482758620689655,0.032116318010179376,0.0053807368067541935
460.0,2010-03-13,2010,violence against civilians,Banteay Meanchey,1,cambodia,0,Southeast Asia,13.7998,103.0782,Political violence,4,4,30.13681959691166,184.84815349911662,1534.4677487095817,11130.930103188328,11130.0,1530.0,11130.0_1530.0,28.0,81,14,0.0,0.0,0.034482758620689655,0.032116318010179376,0.0053807368067541935
460.0,2010-05-08,2010,strategic developments,Banteay Meanchey,2,cambodia,0,Southeast Asia,13.7998,103.0782,Strategic developments,2,2,30.13681959691166,184.84815349911662,1534.4677487095817,11130.930103188328,11130.0,1530.0,11130.0_1530.0,56.0,81,14,0.0,2.0,0.017543859649122806,0.032116318010179376,0.0053807368067541935
460.0,2010-05-15,2010,strategic developments,Banteay Meanchey,1,cambodia,0,Southeast Asia,13.7998,103.0782,Strategic developments,2,2,30.13681959691166,184.84815349911662,1534.4677487095817,11130.930103188328,11130.0,1530.0,11130.0_1530.0,7.0,81,14,0.0,2.0,0.125,0.032116318010179376,0.0053807368067541935
460.0,2010-07-17,2010,protests,Banteay Meanchey,1,cambodia,0,Southeast Asia,13.7998,103.0782,Demonstrations,2,2,30.13681959691166,184.84815349911662,1534.4677487095817,11130.930103188328,11130.0,1530.0,11130.0_1530.0,63.0,81,14,1.0,3.0,0.015625,0.032116318010179376,0.0053807368067541935
460.0,2010-09-18,2010,strategic developments,Banteay Meanchey,1,cambodia,1,Southeast Asia,13.7998,103.0782,Strategic developments,2,4,30.13681959691166,184.84815349911662,1534.4677487095817,11130.930103188328,11130.0,1530.0,11130.0_1530.0,63.0,81,14,1.0,2.0,0.015625,0.032116318010179376,0.0053807368067541935
460.0,2010-10-23,2010,protests,Banteay Meanchey,1,cambodia,0,Southeast Asia,13.7998,103.0782,Demonstrations,2,2,30.13681959691166,184.84815349911662,1534.4677487095817,11130.930103188328,11130.0,1530.0,11130.0_1530.0,35.0,81,14,0.0,0.0,0.027777777777777776,0.032116318010179376,0.0053807368067541935
460.0,2010-10-23,2010,riots,Banteay Meanchey,1,cambodia,0,Southeast Asia,13.7998,103.0782,Political violence,3,3,30.13681959691166,184.84815349911662,1534.4677487095817,11130.930103188328,11130.0,1530.0,11130.0_1530.0,0.0,81,14,0.0,1.0,1.0,0.032116318010179376,0.0053807368067541935
460.0,2010-11-13,2010,protests,Banteay Meanchey,1,cambodia,0,Southeast Asia,13.7998,103.0782,Demonstrations,2,2,30.13681959691166,184.84815349911662,1534.4677487095817,11130.930103188328,11130.0,1530.0,11130.0_1530.0,21.0,81,14,0.0,1.0,0.045454545454545456,0.032116318010179376,0.0053807368067541935
460.0,2010-11-13,2010,violence against civilians,Banteay Meanchey,1,cambodia,1,Southeast Asia,13.7998,103.0782,Political violence,4,6,30.13681959691166,184.84815349911662,1534.4677487095817,11130.930103188328,11130.0,1530.0,11130.0_1530.0,0.0,81,14,0.0,0.0,1.0,0.032116318010179376,0.0053807368067541935
460.0,2010-11-27,2010,protests,Banteay Meanchey,1,cambodia,0,Southeast Asia,13.7998,103.0782,Demonstrations,2,2,30.13681959691166,184.84815349911662,1534.4677487095817,11130.930103188328,11130.0,1530.0,11130.0_1530.0,14.0,81,14,0.0,0.0,0.06666666666666667,0.032116318010179376,0.0053807368067541935
460.0,2011-02-19,2011,strategic developments,Banteay Meanchey,1,cambodia,0,Southeast Asia,13.7998,103.0782,Strategic developments,2,2,30.13681959691166,184.84815349911662,1534.4677487095817,11130.930103188328,11130.0,1530.0,11130.0_1530.0,84.0,81,14,0.0,0.0,0.011764705882352941,0.032116318010179376,0.0053807368067541935
460.0,2011-02-26,2011,strategic developments,Banteay Meanchey,1,cambodia,0,Southeast Asia,13.7998,103.0782,Strategic developments,2,2,30.13681959691166,184.84815349911662,1534.4677487095817,11130.930103188328,11130.0,1530.0,11130.0_1530.0,7.0,81,14,0.0,1.0,0.125,0.032116318010179376,0.0053807368067541935
460.0,2011-03-05,2011,strategic developments,Banteay Meanchey,1,cambodia,1,Southeast Asia,13.7998,103.0782,Strategic developments,2,4,30.13681959691166,184.84815349911662,1534.4677487095817,11130.930103188328,11130.0,1530.0,11130.0_1530.0,7.0,81,14,0.0,0.0,0.125,0.032116318010179376,0.0053807368067541935
460.0,2011-05-14,2011,protests,Banteay Meanchey,1,cambodia,0,Southeast Asia,13.7998,103.0782,Demonstrations,2,2,30.13681959691166,184.84815349911662,1534.4677487095817,11130.930103188328,11130.0,1530.0,11130.0_1530.0,70.0,81,14,2.0,2.0,0.014084507042253521,0.032116318010179376,0.0053807368067541935
460.0,2011-05-28,2011,strategic developments,Banteay Meanchey,1,cambodia,0,Southeast Asia,13.7998,103.0782,Strategic developments,2,2,30.13681959691166,184.84815349911662,1534.4677487095817,11130.930103188328,11130.0,1530.0,11130.0_1530.0,14.0,81,14,1.0,1.0,0.06666666666666667,0.032116318010179376,0.0053807368067541935
460.0,2011-06-11,2011,strategic developments,Banteay Meanchey,1,cambodia,0,Southeast Asia,13.7998,103.0782,Strategic developments,2,2,30.13681959691166,184.84815349911662,1534.4677487095817,11130.930103188328,11130.0,1530.0,11130.0_1530.0,14.0,81,14,0.0,0.0,0.06666666666666667,0.032116318010179376,0.0053807368067541935
460.0,2011-07-02,2011,strategic developments,Banteay Meanchey,1,cambodia,0,Southeast Asia,13.7998,103.0782,Strategic developments,2,2,30.13681959691166,184.84815349911662,1534.4677487095817,11130.930103188328,11130.0,1530.0,11130.0_1530.0,21.0,81,14,0.0,0.0,0.045454545454545456,0.032116318010179376,0.0053807368067541935
460.0,2011-08-20,2011,strategic developments,Banteay Meanchey,1,cambodia,0,Southeast Asia,13.7998,103.0782,Strategic developments,2,2,30.13681959691166,184.84815349911662,1534.4677487095817,11130.930103188328,11130.0,1530.0,11130.0_1530.0,49.0,81,14,1.0,1.0,0.02,0.032116318010179376,0.0053807368067541935
460.0,2011-11-19,2011,explosions/remote violence,Banteay Meanchey,1,cambodia,0,Southeast Asia,13.7998,103.0782,Political violence,4,4,30.13681959691166,184.84815349911662,1534.4677487095817,11130.930103188328,11130.0,1530.0,11130.0_1530.0,91.0,81,14,0.0,0.0,0.010869565217391304,0.032116318010179376,0.0053807368067541935
460.0,2011-11-26,2011,protests,Banteay Meanchey,2,cambodia,0,Southeast Asia,13.7998,103.0782,Demonstrations,2,2,30.13681959691166,184.84815349911662,1534.4677487095817,11130.930103188328,11130.0,1530.0,11130.0_1530.0,7.0,81,14,0.0,0.0,0.125,0.032116318010179376,0.0053807368067541935
460.0,2012-01-28,2012,protests,Banteay Meanchey,1,cambodia,0,Southeast Asia,13.7998,103.0782,Demonstrations,2,2,30.13681959691166,184.84815349911662,1534.4677487095817,11130.930103188328,11130.0,1530.0,11130.0_1530.0,63.0,81,14,1.0,2.0,0.015625,0.032116318010179376,0.0053807368067541935
460.0,2012-01-28,2012,strategic developments,Banteay Meanchey,1,cambodia,8,Southeast Asia,13.7998,103.0782,Strategic developments,2,4,30.13681959691166,184.84815349911662,1534.4677487095817,11130.930103188328,11130.0,1530.0,11130.0_1530.0,0.0,81,14,0.0,0.0,1.0,0.032116318010179376,0.0053807368067541935
460.0,2012-02-18,2012,strategic developments,Banteay Meanchey,2,cambodia,0,Southeast Asia,13.7998,103.0782,Strategic developments,2,2,30.13681959691166,184.84815349911662,1534.4677487095817,11130.930103188328,11130.0,1530.0,11130.0_1530.0,21.0,81,14,0.0,0.0,0.045454545454545456,0.032116318010179376,0.0053807368067541935
460.0,2012-03-24,2012,riots,Banteay Meanchey,1,cambodia,0,Southeast Asia,13.7998,103.0782,Political violence,3,3,30.13681959691166,184.84815349911662,1534.4677487095817,11130.930103188328,11130.0,1530.0,11130.0_1530.0,35.0,81,14,0.0,1.0,0.027777777777777776,0.032116318010179376,0.0053807368067541935
460.0,2012-04-21,2012,strategic developments,Banteay Meanchey,1,cambodia,1,Southeast Asia,13.7998,103.0782,Strategic developments,2,4,30.13681959691166,184.84815349911662,1534.4677487095817,11130.930103188328,11130.0,1530.0,11130.0_1530.0,28.0,81,14,2.0,3.0,0.034482758620689655,0.032116318010179376,0.0053807368067541935
460.0,2012-05-19,2012,protests,Banteay Meanchey,1,cambodia,0,Southeast Asia,13.7998,103.0782,Demonstrations,2,2,30.13681959691166,184.84815349911662,1534.4677487095817,11130.930103188328,11130.0,1530.0,11130.0_1530.0,28.0,81,14,1.0,2.0,0.034482758620689655,0.032116318010179376,0.0053807368067541935
460.0,2012-05-19,2012,strategic developments,Banteay Meanchey,1,cambodia,0,Southeast Asia,13.7998,103.0782,Strategic developments,2,2,30.13681959691166,184.84815349911662,1534.4677487095817,11130.930103188328,11130.0,1530.0,11130.0_1530.0,0.0,81,14,0.0,1.0,1.0,0.032116318010179376,0.0053807368067541935
460.0,2012-07-07,2012,violence against civilians,Banteay Meanchey,1,cambodia,0,Southeast Asia,13.7998,103.0782,Political violence,4,4,30.13681959691166,184.84815349911662,1534.4677487095817,11130.930103188328,11130.0,1530.0,11130.0_1530.0,49.0,81,14,0.0,3.0,0.02,0.032116318010179376,0.0053807368067541935
460.0,2012-09-01,2012,protests,Banteay Meanchey,1,cambodia,0,Southeast Asia,13.7998,103.0782,Demonstrations,2,2,30.13681959691166,184.84815349911662,1534.4677487095817,11130.930103188328,11130.0,1530.0,11130.0_1530.0,56.0,81,14,0.0,0.0,0.017543859649122806,0.032116318010179376,0.0053807368067541935
460.0,2013-02-02,2013,strategic developments,Banteay Meanchey,1,cambodia,0,Southeast Asia,13.7998,103.0782,Strategic developments,2,2,30.13681959691166,184.84815349911662,1534.4677487095817,11130.930103188328,11130.0,1530.0,11130.0_1530.0,154.0,81,14,0.0,0.0,0.0064516129032258064,0.032116318010179376,0.0053807368067541935
460.0,2013-06-01,2013,protests,Banteay Meanchey,1,cambodia,0,Southeast Asia,13.7998,103.0782,Demonstrations,2,2,30.13681959691166,184.84815349911662,1534.4677487095817,11130.930103188328,11130.0,1530.0,11130.0_1530.0,119.0,81,14,0.0,0.0,0.008333333333333333,0.032116318010179376,0.0053807368067541935
460.0,2013-11-30,2013,protests,Banteay Meanchey,1,cambodia,0,Southeast Asia,13.7998,103.0782,Demonstrations,2,2,30.13681959691166,184.84815349911662,1534.4677487095817,11130.930103188328,11130.0,1530.0,11130.0_1530.0,182.0,81,14,0.0,0.0,0.00546448087431694,0.032116318010179376,0.0053807368067541935
460.0,2014-03-22,2014,strategic developments,Banteay Meanchey,1,cambodia,0,Southeast Asia,13.7998,103.0782,Strategic developments,2,2,30.13681959691166,184.84815349911662,1534.4677487095817,11130.930103188328,11130.0,1530.0,11130.0_1530.0,112.0,81,14,0.0,0.0,0.008849557522123894,0.032116318010179376,0.0053807368067541935
460.0,2014-04-12,2014,protests,Banteay Meanchey,1,cambodia,0,Southeast Asia,13.7998,103.0782,Demonstrations,2,2,30.13681959691166,184.84815349911662,1534.4677487095817,11130.930103188328,11130.0,1530.0,11130.0_1530.0,21.0,81,14,1.0,1.0,0.045454545454545456,0.032116318010179376,0.0053807368067541935
460.0,2014-04-19,2014,protests,Banteay Meanchey,1,cambodia,0,Southeast Asia,13.7998,103.0782,Demonstrations,2,2,30.13681959691166,184.84815349911662,1534.4677487095817,11130.930103188328,11130.0,1530.0,11130.0_1530.0,7.0,81,14,0.0,0.0,0.125,0.032116318010179376,0.0053807368067541935
460.0,2014-05-10,2014,strategic developments,Banteay Meanchey,1,cambodia,0,Southeast Asia,13.7998,103.0782,Strategic developments,2,2,30.13681959691166,184.84815349911662,1534.4677487095817,11130.930103188328,11130.0,1530.0,11130.0_1530.0,21.0,81,14,0.0,0.0,0.045454545454545456,0.032116318010179376,0.0053807368067541935
460.0,2014-06-14,2014,strategic developments,Banteay Meanchey,1,cambodia,0,Southeast Asia,13.7998,103.0782,Strategic developments,2,2,30.13681959691166,184.84815349911662,1534.4677487095817,11130.930103188328,11130.0,1530.0,11130.0_1530.0,35.0,81,14,0.0,0.0,0.027777777777777776,0.032116318010179376,0.0053807368067541935
460.0,2014-07-26,2014,strategic developments,Banteay Meanchey,1,cambodia,0,Southeast Asia,13.7998,103.0782,Strategic developments,2,2,30.13681959691166,184.84815349911662,1534.4677487095817,11130.930103188328,11130.0,1530.0,11130.0_1530.0,42.0,81,14,2.0,2.0,0.023255813953488372,0.032116318010179376,0.0053807368067541935
460.0,2014-08-16,2014,protests,Banteay Meanchey,1,cambodia,0,Southeast Asia,13.7998,103.0782,Demonstrations,2,2,30.13681959691166,184.84815349911662,1534.4677487095817,11130.930103188328,11130.0,1530.0,11130.0_1530.0,21.0,81,14,1.0,1.0,0.045454545454545456,0.032116318010179376,0.0053807368067541935
460.0,2014-12-20,2014,protests,Banteay Meanchey,1,cambodia,0,Southeast Asia,13.7998,103.0782,Demonstrations,2,2,30.13681959691166,184.84815349911662,1534.4677487095817,11130.930103188328,11130.0,1530.0,11130.0_1530.0,126.0,81,14,0.0,0.0,0.007874015748031496,0.032116318010179376,0.0053807368067541935
460.0,2015-02-21,2015,protests,Banteay Meanchey,1,cambodia,0,Southeast Asia,13.7998,103.0782,Demonstrations,2,2,30.13681959691166,184.84815349911662,1534.4677487095817,11130.930103188328,11130.0,1530.0,11130.0_1530.0,63.0,81,14,0.0,0.0,0.015625,0.032116318010179376,0.0053807368067541935
460.0,2015-06-06,2015,protests,Banteay Meanchey,2,cambodia,0,Southeast Asia,13.7998,103.0782,Demonstrations,2,2,30.13681959691166,184.84815349911662,1534.4677487095817,11130.930103188328,11130.0,1530.0,11130.0_1530.0,105.0,81,14,0.0,0.0,0.009433962264150943,0.032116318010179376,0.0053807368067541935
460.0,2015-06-20,2015,protests,Banteay Meanchey,1,cambodia,0,Southeast Asia,13.7998,103.0782,Demonstrations,2,2,30.13681959691166,184.84815349911662,1534.4677487095817,11130.930103188328,11130.0,1530.0,11130.0_1530.0,14.0,81,14,1.0,1.0,0.06666666666666667,0.032116318010179376,0.0053807368067541935
460.0,2015-06-20,2015,strategic developments,Banteay Meanchey,1,cambodia,0,Southeast Asia,13.7998,103.0782,Strategic developments,2,2,30.13681959691166,184.84815349911662,1534.4677487095817,11130.930103188328,11130.0,1530.0,11130.0_1530.0,0.0,81,14,1.0,2.0,1.0,0.032116318010179376,0.0053807368067541935
460.0,2015-09-26,2015,protests,Banteay Meanchey,2,cambodia,0,Southeast Asia,13.7998,103.0782,Demonstrations,2,2,30.13681959691166,184.84815349911662,1534.4677487095817,11130.930103188328,11130.0,1530.0,11130.0_1530.0,98.0,81,14,0.0,3.0,0.010101010101010102,0.032116318010179376,0.0053807368067541935
460.0,2015-11-14,2015,protests,Banteay Meanchey,1,cambodia,0,Southeast Asia,13.7998,103.0782,Demonstrations,2,2,30.13681959691166,184.84815349911662,1534.4677487095817,11130.930103188328,11130.0,1530.0,11130.0_1530.0,49.0,81,14,1.0,3.0,0.02,0.032116318010179376,0.0053807368067541935
460.0,2015-12-12,2015,protests,Banteay Meanchey,1,cambodia,0,Southeast Asia,13.7998,103.0782,Demonstrations,2,2,30.13681959691166,184.84815349911662,1534.4677487095817,11130.930103188328,11130.0,1530.0,11130.0_1530.0,28.0,81,14,0.0,0.0,0.034482758620689655,0.032116318010179376,0.0053807368067541935
460.0,2015-12-12,2015,protests,Banteay Meanchey,1,cambodia,0,Southeast Asia,13.7998,103.0782,Demonstrations,2,2,30.13681959691166,184.84815349911662,1534.4677487095817,11130.930103188328,11130.0,1530.0,11130.0_1530.0,0.0,81,14,2.0,3.0,1.0,0.032116318010179376,0.0053807368067541935
460.0,2016-01-16,2016,protests,Banteay Meanchey,1,cambodia,0,Southeast Asia,13.7998,103.0782,Demonstrations,2,2,30.13681959691166,184.84815349911662,1534.4677487095817,11130.930103188328,11130.0,1530.0,11130.0_1530.0,35.0,81,14,2.0,4.0,0.027777777777777776,0.032116318010179376,0.0053807368067541935
460.0,2016-08-20,2016,protests,Banteay Meanchey,1,cambodia,0,Southeast Asia,13.7998,103.0782,Demonstrations,2,2,30.13681959691166,184.84815349911662,1534.4677487095817,11130.930103188328,11130.0,1530.0,11130.0_1530.0,217.0,81,14,0.0,0.0,0.0045871559633027525,0.032116318010179376,0.0053807368067541935
460.0,2016-09-03,2016,violence against civilians,Banteay Meanchey,1,cambodia,0,Southeast Asia,13.7998,103.0782,Political violence,4,4,30.13681959691166,184.84815349911662,1534.4677487095817,11130.930103188328,11130.0,1530.0,11130.0_1530.0,14.0,81,14,1.0,1.0,0.06666666666666667,0.032116318010179376,0.0053807368067541935
460.0,2016-12-24,2016,protests,Banteay Meanchey,1,cambodia,0,Southeast Asia,13.7998,103.0782,Demonstrations,2,2,30.13681959691166,184.84815349911662,1534.4677487095817,11130.930103188328,11130.0,1530.0,11130.0_1530.0,112.0,81,14,0.0,0.0,0.008849557522123894,0.032116318010179376,0.0053807368067541935
460.0,2016-12-31,2016,protests,Banteay Meanchey,1,cambodia,0,Southeast Asia,13.7998,103.0782,Demonstrations,2,2,30.13681959691166,184.84815349911662,1534.4677487095817,11130.930103188328,11130.0,1530.0,11130.0_1530.0,7.0,81,14,0.0,1.0,0.125,0.032116318010179376,0.0053807368067541935
460.0,2016-12-31,2016,strategic developments,Banteay Meanchey,1,cambodia,0,Southeast Asia,13.7998,103.0782,Strategic developments,2,2,30.13681959691166,184.84815349911662,1534.4677487095817,11130.930103188328,11130.0,1530.0,11130.0_1530.0,0.0,81,14,0.0,0.0,1.0,0.032116318010179376,0.0053807368067541935
460.0,2017-12-30,2017,protests,Banteay Meanchey,1,cambodia,0,Southeast Asia,13.7998,103.0782,Demonstrations,2,2,30.13681959691166,184.84815349911662,1534.4677487095817,11130.930103188328,11130.0,1530.0,11130.0_1530.0,364.0,81,14,0.0,1.0,0.0027397260273972603,0.032116318010179376,0.0053807368067541935
460.0,2018-03-24,2018,protests,Banteay Meanchey,1,cambodia,0,Southeast Asia,13.7998,103.0782,Demonstrations,2,2,30.13681959691166,184.84815349911662,1534.4677487095817,11130.930103188328,11130.0,1530.0,11130.0_1530.0,84.0,81,14,0.0,0.0,0.011764705882352941,0.032116318010179376,0.0053807368067541935
460.0,2018-12-08,2018,strategic developments,Banteay Meanchey,1,cambodia,0,Southeast Asia,13.7998,103.0782,Strategic developments,2,2,30.13681959691166,184.84815349911662,1534.4677487095817,11130.930103188328,11130.0,1530.0,11130.0_1530.0,259.0,81,14,0.0,0.0,0.0038461538461538464,0.032116318010179376,0.0053807368067541935
460.0,2019-02-09,2019,strategic developments,Banteay Meanchey,1,cambodia,0,Southeast Asia,13.7998,103.0782,Strategic developments,2,2,30.13681959691166,184.84815349911662,1534.4677487095817,11130.930103188328,11130.0,1530.0,11130.0_1530.0,63.0,81,14,0.0,1.0,0.015625,0.032116318010179376,0.0053807368067541935
460.0,2019-08-31,2019,protests,Banteay Meanchey,1,cambodia,0,Southeast Asia,13.7998,103.0782,Demonstrations,2,2,30.13681959691166,184.84815349911662,1534.4677487095817,11130.930103188328,11130.0,1530.0,11130.0_1530.0,203.0,81,14,0.0,0.0,0.004901960784313725,0.032116318010179376,0.0053807368067541935
460.0,2019-10-19,2019,protests,Banteay Meanchey,1,cambodia,0,Southeast Asia,13.7998,103.0782,Demonstrations,2,2,30.13681959691166,184.84815349911662,1534.4677487095817,11130.930103188328,11130.0,1530.0,11130.0_1530.0,49.0,81,14,0.0,0.0,0.02,0.032116318010179376,0.0053807368067541935
460.0,2019-12-28,2019,protests,Banteay Meanchey,1,cambodia,0,Southeast Asia,13.7998,103.0782,Demonstrations,2,2,30.13681959691166,184.84815349911662,1534.4677487095817,11130.930103188328,11130.0,1530.0,11130.0_1530.0,70.0,81,14,0.0,0.0,0.014084507042253521,0.032116318010179376,0.0053807368067541935
460.0,2019-12-28,2019,violence against civilians,Banteay Meanchey,1,cambodia,1,Southeast Asia,13.7998,103.0782,Political violence,4,6,30.13681959691166,184.84815349911662,1534.4677487095817,11130.930103188328,11130.0,1530.0,11130.0_1530.0,0.0,81,14,0.0,1.0,1.0,0.032116318010179376,0.0053807368067541935
460.0,2020-02-01,2020,protests,Banteay Meanchey,1,cambodia,0,Southeast Asia,13.7998,103.0782,Demonstrations,2,2,30.13681959691166,184.84815349911662,1534.4677487095817,11130.930103188328,11130.0,1530.0,11130.0_1530.0,35.0,81,14,0.0,1.0,0.027777777777777776,0.032116318010179376,0.0053807368067541935
460.0,2020-04-25,2020,strategic developments,Banteay Meanchey,1,cambodia,1,Southeast Asia,13.7998,103.0782,Strategic developments,2,4,30.13681959691166,184.84815349911662,1534.4677487095817,11130.930103188328,11130.0,1530.0,11130.0_1530.0,84.0,81,14,1.0,2.0,0.011764705882352941,0.032116318010179376,0.0053807368067541935
460.0,2020-05-30,2020,protests,Banteay Meanchey,1,cambodia,0,Southeast Asia,13.7998,103.0782,Demonstrations,2,2,30.13681959691166,184.84815349911662,1534.4677487095817,11130.930103188328,11130.0,1530.0,11130.0_1530.0,35.0,81,14,0.0,2.0,0.027777777777777776,0.032116318010179376,0.0053807368067541935
460.0,2020-09-05,2020,protests,Banteay Meanchey,1,cambodia,0,Southeast Asia,13.7998,103.0782,Demonstrations,2,2,30.13681959691166,184.84815349911662,1534.4677487095817,11130.930103188328,11130.0,1530.0,11130.0_1530.0,98.0,81,14,0.0,0.0,0.010101010101010102,0.032116318010179376,0.0053807368067541935
460.0,2021-08-28,2021,protests,Banteay Meanchey,1,cambodia,0,Southeast Asia,13.7998,103.0782,Demonstrations,2,2,30.13681959691166,184.84815349911662,1534.4677487095817,11130.930103188328,11130.0,1530.0,11130.0_1530.0,357.0,81,14,0.0,1.0,0.002793296089385475,0.032116318010179376,0.0053807368067541935
460.0,2024-04-20,2024,protests,Banteay Meanchey,1,cambodia,0,Southeast Asia,13.7998,103.0782,Demonstrations,2,2,30.13681959691166,184.84815349911662,1534.4677487095817,11130.930103188328,11130.0,1530.0,11130.0_1530.0,966.0,81,14,0.0,0.0,0.001034126163391934,0.032116318010179376,0.0053807368067541935
460.0,2025-03-01,2025,protests,Banteay Meanchey,1,cambodia,0,Southeast Asia,13.7998,103.0782,Demonstrations,2,2,30.13681959691166,184.84815349911662,1534.4677487095817,11130.930103188328,11130.0,1530.0,11130.0_1530.0,315.0,81,14,0.0,1.0,0.0031645569620253164,0.032116318010179376,0.0053807368067541935
460.0,2025-07-19,2025,violence against civilians,Banteay Meanchey,1,cambodia,0,Southeast Asia,13.7998,103.0782,Political violence,4,4,30.13681959691166,184.84815349911662,1534.4677487095817,11130.930103188328,11130.0,1530.0,11130.0_1530.0,140.0,81,14,0.0,0.0,0.0070921985815602835,0.032116318010179376,0.0053807368067541935
460.0,2025-08-23,2025,protests,Banteay Meanchey,1,cambodia,0,Southeast Asia,13.7998,103.0782,Demonstrations,2,2,30.13681959691166,184.84815349911662,1534.4677487095817,11130.930103188328,11130.0,1530.0,11130.0_1530.0,35.0,81,14,0.0,0.0,0.027777777777777776,0.032116318010179376,0.0053807368067541935
460.0,2025-08-30,2025,protests,Banteay Meanchey,1,cambodia,0,Southeast Asia,13.7998,103.0782,Demonstrations,2,2,30.13681959691166,184.84815349911662,1534.4677487095817,11130.930103188328,11130.0,1530.0,11130.0_1530.0,7.0,81,14,1.0,1.0,0.125,0.032116318010179376,0.0053807368067541935
460.0,2025-10-04,2025,protests,Banteay Meanchey,1,cambodia,0,Southeast Asia,13.7998,103.0782,Demonstrations,2,2,30.13681959691166,184.84815349911662,1534.4677487095817,11130.930103188328,11130.0,1530.0,11130.0_1530.0,35.0,81,14,0.0,1.0,0.027777777777777776,0.032116318010179376,0.0053807368067541935
460.0,2025-11-15,2025,strategic developments,Banteay Meanchey,1,cambodia,0,Southeast Asia,13.7998,103.0782,Strategic developments,2,2,30.13681959691166,184.84815349911662,1534.4677487095817,11130.930103188328,11130.0,1530.0,11130.0_1530.0,42.0,81,14,1.0,2.0,0.023255813953488372,0.032116318010179376,0.0053807368067541935
460.0,2025-12-13,2025,battles,Banteay Meanchey,1,cambodia,0,Southeast Asia,13.7998,103.0782,Political violence,5,5,30.13681959691166,184.84815349911662,1534.4677487095817,11130.930103188328,11130.0,1530.0,11130.0_1530.0,28.0,81,14,1.0,3.0,0.034482758620689655,0.032116318010179376,0.0053807368067541935
460.0,2025-12-13,2025,explosions/remote violence,Banteay Meanchey,2,cambodia,0,Southeast Asia,13.7998,103.0782,Political violence,4,4,30.13681959691166,184.84815349911662,1534.4677487095817,11130.930103188328,11130.0,1530.0,11130.0_1530.0,0.0,81,14,0.0,0.0,1.0,0.032116318010179376,0.0053807368067541935
460.0,2025-12-13,2025,explosions/remote violence,Banteay Meanchey,1,cambodia,0,Southeast Asia,13.7998,103.0782,Political violence,4,4,30.13681959691166,184.84815349911662,1534.4677487095817,11130.930103188328,11130.0,1530.0,11130.0_1530.0,0.0,81,14,0.0,0.0,1.0,0.032116318010179376,0.0053807368067541935
460.0,2025-12-20,2025,explosions/remote violence,Banteay Meanchey,2,cambodia,0,Southeast Asia,13.7998,103.0782,Political violence,4,4,30.13681959691166,184.84815349911662,1534.4677487095817,11130.930103188328,11130.0,1530.0,11130.0_1530.0,7.0,81,14,0.0,1.0,0.125,0.032116318010179376,0.0053807368067541935
472.0,2010-01-30,2010,violence against civilians,Oddar Meanchey,1,cambodia,0,Southeast Asia,14.1607,103.7809,Political violence,4,4,21.34109876124818,100.23503287366376,1574.597997735603,11189.250735484957,11180.0,1570.0,11180.0_1570.0,365.0,43,37,0.0,1.0,0.00273224043715847,0.04476055590133073,0.00987800341061725
472.0,2010-02-27,2010,violence against civilians,Oddar Meanchey,1,cambodia,0,Southeast Asia,14.1607,103.7809,Political violence,4,4,21.34109876124818,100.23503287366376,1574.597997735603,11189.250735484957,11180.0,1570.0,11180.0_1570.0,28.0,43,37,0.0,0.0,0.034482758620689655,0.04476055590133073,0.00987800341061725
472.0,2010-03-06,2010,battles,Oddar Meanchey,1,cambodia,0,Southeast Asia,14.1607,103.7809,Political violence,5,5,21.34109876124818,100.23503287366376,1574.597997735603,11189.250735484957,11180.0,1570.0,11180.0_1570.0,7.0,43,37,0.0,0.0,0.125,0.04476055590133073,0.00987800341061725
472.0,2010-03-06,2010,riots,Oddar Meanchey,1,cambodia,0,Southeast Asia,14.1607,103.7809,Political violence,3,3,21.34109876124818,100.23503287366376,1574.597997735603,11189.250735484957,11180.0,1570.0,11180.0_1570.0,0.0,43,37,0.0,0.0,1.0,0.04476055590133073,0.00987800341061725
472.0,2010-03-06,2010,violence against civilians,Oddar Meanchey,1,cambodia,1,Southeast Asia,14.1607,103.7809,Political violence,4,6,21.34109876124818,100.23503287366376,1574.597997735603,11189.250735484957,11180.0,1570.0,11180.0_1570.0,0.0,43,37,0.0,0.0,1.0,0.04476055590133073,0.00987800341061725
472.0,2010-04-17,2010,battles,Oddar Meanchey,1,cambodia,0,Southeast Asia,14.1607,103.7809,Political violence,5,5,21.34109876124818,100.23503287366376,1574.597997735603,11189.250735484957,11180.0,1570.0,11180.0_1570.0,42.0,43,37,0.0,0.0,0.023255813953488372,0.04476055590133073,0.00987800341061725
472.0,2010-05-22,2010,strategic developments,Oddar Meanchey,2,cambodia,0,Southeast Asia,14.1607,103.7809,Strategic developments,2,2,21.34109876124818,100.23503287366376,1574.597997735603,11189.250735484957,11180.0,1570.0,11180.0_1570.0,35.0,43,37,0.0,0.0,0.027777777777777776,0.04476055590133073,0.00987800341061725
472.0,2010-05-29,2010,explosions/remote violence,Oddar Meanchey,1,cambodia,1,Southeast Asia,14.1607,103.7809,Political violence,4,6,21.34109876124818,100.23503287366376,1574.597997735603,11189.250735484957,11180.0,1570.0,11180.0_1570.0,7.0,43,37,0.0,0.0,0.125,0.04476055590133073,0.00987800341061725
472.0,2010-06-05,2010,battles,Oddar Meanchey,1,cambodia,0,Southeast Asia,14.1607,103.7809,Political violence,5,5,21.34109876124818,100.23503287366376,1574.597997735603,11189.250735484957,11180.0,1570.0,11180.0_1570.0,7.0,43,37,0.0,0.0,0.125,0.04476055590133073,0.00987800341061725
472.0,2010-08-28,2010,protests,Oddar Meanchey,1,cambodia,0,Southeast Asia,14.1607,103.7809,Demonstrations,2,2,21.34109876124818,100.23503287366376,1574.597997735603,11189.250735484957,11180.0,1570.0,11180.0_1570.0,84.0,43,37,0.0,0.0,0.011764705882352941,0.04476055590133073,0.00987800341061725
472.0,2010-09-18,2010,strategic developments,Oddar Meanchey,1,cambodia,0,Southeast Asia,14.1607,103.7809,Strategic developments,2,2,21.34109876124818,100.23503287366376,1574.597997735603,11189.250735484957,11180.0,1570.0,11180.0_1570.0,21.0,43,37,0.0,0.0,0.045454545454545456,0.04476055590133073,0.00987800341061725
472.0,2011-04-16,2011,battles,Oddar Meanchey,1,cambodia,6,Southeast Asia,14.1607,103.7809,Political violence,5,7,21.34109876124818,100.23503287366376,1574.597997735603,11189.250735484957,11180.0,1570.0,11180.0_1570.0,210.0,43,37,1.0,1.0,0.004739336492890996,0.04476055590133073,0.00987800341061725
472.0,2011-04-23,2011,battles,Oddar Meanchey,6,cambodia,10,Southeast Asia,14.1607,103.7809,Political violence,5,7,21.34109876124818,100.23503287366376,1574.597997735603,11189.250735484957,11180.0,1570.0,11180.0_1570.0,7.0,43,37,0.0,0.0,0.125,0.04476055590133073,0.00987800341061725
472.0,2011-04-23,2011,strategic developments,Oddar Meanchey,1,cambodia,3,Southeast Asia,14.1607,103.7809,Strategic developments,2,4,21.34109876124818,100.23503287366376,1574.597997735603,11189.250735484957,11180.0,1570.0,11180.0_1570.0,0.0,43,37,1.0,1.0,1.0,0.04476055590133073,0.00987800341061725
472.0,2011-04-30,2011,battles,Oddar Meanchey,4,cambodia,2,Southeast Asia,14.1607,103.7809,Political violence,5,7,21.34109876124818,100.23503287366376,1574.597997735603,11189.250735484957,11180.0,1570.0,11180.0_1570.0,7.0,43,37,0.0,0.0,0.125,0.04476055590133073,0.00987800341061725
472.0,2011-07-09,2011,battles,Oddar Meanchey,1,cambodia,0,Southeast Asia,14.1607,103.7809,Political violence,5,5,21.34109876124818,100.23503287366376,1574.597997735603,11189.250735484957,11180.0,1570.0,11180.0_1570.0,70.0,43,37,0.0,0.0,0.014084507042253521,0.04476055590133073,0.00987800341061725
472.0,2011-07-16,2011,battles,Oddar Meanchey,1,cambodia,1,Southeast Asia,14.1607,103.7809,Political violence,5,7,21.34109876124818,100.23503287366376,1574.597997735603,11189.250735484957,11180.0,1570.0,11180.0_1570.0,7.0,43,37,0.0,1.0,0.125,0.04476055590133073,0.00987800341061725
472.0,2011-08-06,2011,strategic developments,Oddar Meanchey,1,cambodia,1,Southeast Asia,14.1607,103.7809,Strategic developments,2,4,21.34109876124818,100.23503287366376,1574.597997735603,11189.250735484957,11180.0,1570.0,11180.0_1570.0,21.0,43,37,1.0,2.0,0.045454545454545456,0.04476055590133073,0.00987800341061725
472.0,2011-10-08,2011,protests,Oddar Meanchey,1,cambodia,0,Southeast Asia,14.1607,103.7809,Demonstrations,2,2,21.34109876124818,100.23503287366376,1574.597997735603,11189.250735484957,11180.0,1570.0,11180.0_1570.0,63.0,43,37,1.0,1.0,0.015625,0.04476055590133073,0.00987800341061725
472.0,2011-10-15,2011,protests,Oddar Meanchey,2,cambodia,0,Southeast Asia,14.1607,103.7809,Demonstrations,2,2,21.34109876124818,100.23503287366376,1574.597997735603,11189.250735484957,11180.0,1570.0,11180.0_1570.0,7.0,43,37,0.0,3.0,0.125,0.04476055590133073,0.00987800341061725
472.0,2012-03-31,2012,strategic developments,Oddar Meanchey,1,cambodia,2,Southeast Asia,14.1607,103.7809,Strategic developments,2,4,21.34109876124818,100.23503287366376,1574.597997735603,11189.250735484957,11180.0,1570.0,11180.0_1570.0,168.0,43,37,1.0,2.0,0.005917159763313609,0.04476055590133073,0.00987800341061725
472.0,2012-04-21,2012,explosions/remote violence,Oddar Meanchey,1,cambodia,0,Southeast Asia,14.1607,103.7809,Political violence,4,4,21.34109876124818,100.23503287366376,1574.597997735603,11189.250735484957,11180.0,1570.0,11180.0_1570.0,21.0,43,37,1.0,3.0,0.045454545454545456,0.04476055590133073,0.00987800341061725
472.0,2012-07-07,2012,strategic developments,Oddar Meanchey,1,cambodia,1,Southeast Asia,14.1607,103.7809,Strategic developments,2,4,21.34109876124818,100.23503287366376,1574.597997735603,11189.250735484957,11180.0,1570.0,11180.0_1570.0,77.0,43,37,0.0,3.0,0.01282051282051282,0.04476055590133073,0.00987800341061725
472.0,2012-09-08,2012,strategic developments,Oddar Meanchey,1,cambodia,3,Southeast Asia,14.1607,103.7809,Strategic developments,2,4,21.34109876124818,100.23503287366376,1574.597997735603,11189.250735484957,11180.0,1570.0,11180.0_1570.0,63.0,43,37,1.0,3.0,0.015625,0.04476055590133073,0.00987800341061725
472.0,2013-03-02,2013,strategic developments,Oddar Meanchey,2,cambodia,0,Southeast Asia,14.1607,103.7809,Strategic developments,2,2,21.34109876124818,100.23503287366376,1574.597997735603,11189.250735484957,11180.0,1570.0,11180.0_1570.0,175.0,43,37,1.0,1.0,0.005681818181818182,0.04476055590133073,0.00987800341061725
472.0,2013-04-27,2013,violence against civilians,Oddar Meanchey,1,cambodia,1,Southeast Asia,14.1607,103.7809,Political violence,4,6,21.34109876124818,100.23503287366376,1574.597997735603,11189.250735484957,11180.0,1570.0,11180.0_1570.0,56.0,43,37,0.0,0.0,0.017543859649122806,0.04476055590133073,0.00987800341061725
472.0,2013-07-27,2013,strategic developments,Oddar Meanchey,1,cambodia,3,Southeast Asia,14.1607,103.7809,Strategic developments,2,4,21.34109876124818,100.23503287366376,1574.597997735603,11189.250735484957,11180.0,1570.0,11180.0_1570.0,91.0,43,37,2.0,2.0,0.010869565217391304,0.04476055590133073,0.00987800341061725
472.0,2013-11-16,2013,strategic developments,Oddar Meanchey,1,cambodia,0,Southeast Asia,14.1607,103.7809,Strategic developments,2,2,21.34109876124818,100.23503287366376,1574.597997735603,11189.250735484957,11180.0,1570.0,11180.0_1570.0,112.0,43,37,1.0,1.0,0.008849557522123894,0.04476055590133073,0.00987800341061725
472.0,2015-08-22,2015,strategic developments,Oddar Meanchey,1,cambodia,1,Southeast Asia,14.1607,103.7809,Strategic developments,2,4,21.34109876124818,100.23503287366376,1574.597997735603,11189.250735484957,11180.0,1570.0,11180.0_1570.0,644.0,43,37,0.0,0.0,0.0015503875968992248,0.04476055590133073,0.00987800341061725
472.0,2015-09-12,2015,violence against civilians,Oddar Meanchey,1,cambodia,0,Southeast Asia,14.1607,103.7809,Political violence,4,4,21.34109876124818,100.23503287366376,1574.597997735603,11189.250735484957,11180.0,1570.0,11180.0_1570.0,21.0,43,37,2.0,4.0,0.045454545454545456,0.04476055590133073,0.00987800341061725
472.0,2015-10-10,2015,protests,Oddar Meanchey,1,cambodia,0,Southeast Asia,14.1607,103.7809,Demonstrations,2,2,21.34109876124818,100.23503287366376,1574.597997735603,11189.250735484957,11180.0,1570.0,11180.0_1570.0,28.0,43,37,3.0,5.0,0.034482758620689655,0.04476055590133073,0.00987800341061725
472.0,2016-10-08,2016,strategic developments,Oddar Meanchey,1,cambodia,0,Southeast Asia,14.1607,103.7809,Strategic developments,2,2,21.34109876124818,100.23503287366376,1574.597997735603,11189.250735484957,11180.0,1570.0,11180.0_1570.0,364.0,43,37,4.0,6.0,0.0027397260273972603,0.04476055590133073,0.00987800341061725
472.0,2017-01-28,2017,strategic developments,Oddar Meanchey,1,cambodia,1,Southeast Asia,14.1607,103.7809,Strategic developments,2,4,21.34109876124818,100.23503287366376,1574.597997735603,11189.250735484957,11180.0,1570.0,11180.0_1570.0,112.0,43,37,3.0,4.0,0.008849557522123894,0.04476055590133073,0.00987800341061725
472.0,2017-05-20,2017,protests,Oddar Meanchey,1,cambodia,0,Southeast Asia,14.1607,103.7809,Demonstrations,2,2,21.34109876124818,100.23503287366376,1574.597997735603,11189.250735484957,11180.0,1570.0,11180.0_1570.0,112.0,43,37,3.0,3.0,0.008849557522123894,0.04476055590133073,0.00987800341061725
472.0,2019-06-15,2019,strategic developments,Oddar Meanchey,1,cambodia,0,Southeast Asia,14.1607,103.7809,Strategic developments,2,2,21.34109876124818,100.23503287366376,1574.597997735603,11189.250735484957,11180.0,1570.0,11180.0_1570.0,756.0,43,37,5.0,7.0,0.001321003963011889,0.04476055590133073,0.00987800341061725
472.0,2021-02-13,2021,strategic developments,Oddar Meanchey,1,cambodia,0,Southeast Asia,14.1607,103.7809,Strategic developments,2,2,21.34109876124818,100.23503287366376,1574.597997735603,11189.250735484957,11180.0,1570.0,11180.0_1570.0,609.0,43,37,1.0,2.0,0.001639344262295082,0.04476055590133073,0.00987800341061725
472.0,2022-05-21,2022,violence against civilians,Oddar Meanchey,1,cambodia,0,Southeast Asia,14.1607,103.7809,Political violence,4,4,21.34109876124818,100.23503287366376,1574.597997735603,11189.250735484957,11180.0,1570.0,11180.0_1570.0,462.0,43,37,2.0,3.0,0.0021598272138228943,0.04476055590133073,0.00987800341061725
472.0,2025-07-26,2025,battles,Oddar Meanchey,1,cambodia,0,Southeast Asia,14.1607,103.7809,Political violence,5,5,21.34109876124818,100.23503287366376,1574.597997735603,11189.250735484957,11180.0,1570.0,11180.0_1570.0,1162.0,43,37,4.0,6.0,0.0008598452278589854,0.04476055590133073,0.00987800341061725
472.0,2025-07-26,2025,explosions/remote violence,Oddar Meanchey,1,cambodia,0,Southeast Asia,14.1607,103.7809,Political violence,4,4,21.34109876124818,100.23503287366376,1574.597997735603,11189.250735484957,11180.0,1570.0,11180.0_1570.0,0.0,43,37,3.0,5.0,1.0,0.04476055590133073,0.00987800341061725
472.0,2025-12-06,2025,explosions/remote violence,Oddar Meanchey,1,cambodia,0,Southeast Asia,14.1607,103.7809,Political violence,4,4,21.34109876124818,100.23503287366376,1574.597997735603,11189.250735484957,11180.0,1570.0,11180.0_1570.0,133.0,43,37,7.0,9.0,0.007462686567164179,0.04476055590133073,0.00987800341061725
472.0,2025-12-06,2025,explosions/remote violence,Oddar Meanchey,1,cambodia,0,Southeast Asia,14.1607,103.7809,Political violence,4,4,21.34109876124818,100.23503287366376,1574.597997735603,11189.250735484957,11180.0,1570.0,11180.0_1570.0,0.0,43,37,6.0,8.0,1.0,0.04476055590133073,0.00987800341061725
472.0,2025-12-06,2025,strategic developments,Oddar Meanchey,1,cambodia,0,Southeast Asia,14.1607,103.7809,Strategic developments,2,2,21.34109876124818,100.23503287366376,1574.597997735603,11189.250735484957,11180.0,1570.0,11180.0_1570.0,0.0,43,37,8.0,10.0,1.0,0.04476055590133073,0.00987800341061725
472.0,2025-12-13,2025,explosions/remote violence,Oddar Meanchey,1,cambodia,0,Southeast Asia,14.1607,103.7809,Political violence,4,4,21.34109876124818,100.23503287366376,1574.597997735603,11189.250735484957,11180.0,1570.0,11180.0_1570.0,7.0,43,37,2.0,2.0,0.125,0.04476055590133073,0.00987800341061725
